Epoch,Batch,D_Loss,G_Loss
0,0,0.7103129625320435,50.498008728027344
0,1,0.7387075424194336,50.888282775878906
0,2,0.6743307113647461,50.69778060913086
0,3,0.6262699961662292,51.12718963623047
0,4,0.6126155853271484,50.645668029785156
0,5,0.5864030718803406,50.5106315612793
0,6,0.5633188486099243,43.9835319519043
0,7,0.5479664206504822,39.795196533203125
0,8,0.5413882732391357,36.29100036621094
0,9,0.5657143592834473,35.09347152709961
0,10,0.5797474384307861,33.06813049316406
0,11,0.5030962824821472,31.83624267578125
0,12,0.5056633949279785,30.490564346313477
0,13,0.49801790714263916,30.083019256591797
0,14,0.46537142992019653,28.13341522216797
0,15,0.4606308341026306,26.90291404724121
0,16,0.4358258843421936,25.991363525390625
0,17,0.4367091655731201,25.1922664642334
0,18,0.4806012213230133,24.432836532592773
0,19,0.45678675174713135,23.2491512298584
0,20,0.42217952013015747,23.376502990722656
0,21,0.38531792163848877,22.939350128173828
0,22,0.3880760669708252,21.409931182861328
0,23,0.37001585960388184,21.50521469116211
0,24,0.355292946100235,20.616779327392578
0,25,0.34498676657676697,20.229780197143555
0,26,0.33329713344573975,19.763031005859375
0,27,0.3216383457183838,19.501718521118164
0,28,0.3083581328392029,18.079448699951172
0,29,0.30345475673675537,18.431434631347656
0,30,0.30313363671302795,18.504026412963867
0,31,0.28944748640060425,17.449983596801758
0,32,0.27905890345573425,17.196779251098633
0,33,0.28397253155708313,16.67616081237793
0,34,0.2513715326786041,15.421574592590332
0,35,0.27530354261398315,15.899958610534668
0,36,0.24379391968250275,16.03752326965332
0,37,0.22253824770450592,15.482324600219727
0,38,0.20171073079109192,14.984436988830566
0,39,0.18939915299415588,14.905370712280273
0,40,0.175239697098732,14.751453399658203
0,41,0.17550963163375854,14.462553024291992
0,42,0.17404678463935852,13.483637809753418
0,43,0.15790480375289917,14.646347045898438
0,44,0.15117326378822327,13.94751262664795
0,45,0.1692506968975067,13.297741889953613
0,46,0.27651429176330566,12.805876731872559
0,47,0.4073331356048584,12.970044136047363
0,48,0.2524305582046509,12.755829811096191
0,49,0.21814483404159546,12.164325714111328
0,50,0.1520262211561203,11.613476753234863
0,51,0.15756699442863464,12.621667861938477
0,52,0.13556739687919617,11.794817924499512
0,53,0.12706473469734192,11.537237167358398
0,54,0.12179221957921982,11.315966606140137
0,55,0.11248931288719177,11.095991134643555
0,56,0.09856266528367996,11.760648727416992
0,57,0.11238611489534378,10.417057037353516
0,58,0.0831429660320282,11.06191349029541
0,59,0.09167499840259552,10.931191444396973
0,60,0.08186053484678268,10.301711082458496
0,61,0.08264979720115662,10.068339347839355
0,62,0.08577615022659302,9.700136184692383
1,0,0.07484199106693268,10.070319175720215
1,1,0.06968772411346436,10.012948036193848
1,2,0.07667635381221771,9.505085945129395
1,3,0.10508783906698227,10.62788200378418
1,4,0.09775938093662262,9.69537353515625
1,5,0.15010687708854675,10.620000839233398
1,6,0.10237883031368256,11.00059986114502
1,7,0.1013842523097992,9.929901123046875
1,8,0.06685762852430344,9.396798133850098
1,9,0.06851263344287872,8.737988471984863
1,10,0.062145985662937164,8.794133186340332
1,11,0.06008637323975563,8.897439002990723
1,12,0.04511906951665878,9.25488567352295
1,13,0.05041482299566269,8.790552139282227
1,14,0.04754616320133209,8.620262145996094
1,15,0.0468834787607193,8.241195678710938
1,16,0.037390708923339844,8.550247192382812
1,17,0.05667022615671158,8.742899894714355
1,18,0.04768577963113785,8.7677001953125
1,19,0.0461440235376358,8.602676391601562
1,20,0.06466539204120636,8.832831382751465
1,21,0.05297214537858963,8.237305641174316
1,22,0.04642772302031517,7.795412063598633
1,23,0.04169869422912598,7.876337051391602
1,24,0.04409077763557434,7.31664514541626
1,25,0.03617805987596512,7.602867126464844
1,26,0.03652733564376831,7.870721340179443
1,27,0.03096405416727066,7.323153972625732
1,28,0.03649064898490906,7.518606662750244
1,29,0.030112249776721,8.030051231384277
1,30,0.026033446192741394,8.239021301269531
1,31,0.03595099598169327,7.0562310218811035
1,32,0.025173479691147804,7.736381530761719
1,33,0.02752157859504223,6.48644495010376
1,34,0.026662228628993034,7.024047374725342
1,35,0.029313214123249054,6.801655292510986
1,36,0.024952378123998642,7.023627758026123
1,37,0.02787438966333866,6.929832935333252
1,38,0.02586314082145691,6.605771541595459
1,39,0.02592313475906849,6.882265567779541
1,40,0.02104467712342739,7.163638114929199
1,41,0.02712540328502655,6.2473649978637695
1,42,0.027056731283664703,6.448297500610352
1,43,0.019876765087246895,6.289778709411621
1,44,0.029474275186657906,6.980599880218506
1,45,0.021440092474222183,6.372666358947754
1,46,0.029396895319223404,6.706867694854736
1,47,0.019470911473035812,6.038390636444092
1,48,0.023629918694496155,5.823534965515137
1,49,0.023849984630942345,5.853732109069824
1,50,0.02063148096203804,5.986530780792236
1,51,0.016517896205186844,6.204215049743652
1,52,0.024927113205194473,6.333009719848633
1,53,0.019076157361268997,5.665092945098877
1,54,0.029438920319080353,5.7475056648254395
1,55,0.01683811843395233,5.902958869934082
1,56,0.01775013841688633,6.354977607727051
1,57,0.01772155612707138,6.01927375793457
1,58,0.020479124039411545,5.928132057189941
1,59,0.021822864189743996,5.677915573120117
1,60,0.025165412575006485,5.608116149902344
1,61,0.015460211783647537,6.280791759490967
1,62,0.015655938535928726,5.806368350982666
2,0,0.021834231913089752,5.824850082397461
2,1,0.01582508161664009,5.2527546882629395
2,2,0.017190542072057724,5.4281744956970215
2,3,0.013141054660081863,5.779117584228516
2,4,0.02152521163225174,5.365004539489746
2,5,0.017805876210331917,6.0038323402404785
2,6,0.027634598314762115,5.853508949279785
2,7,0.02084975317120552,5.862606048583984
2,8,0.020283954218029976,6.8604841232299805
2,9,0.03188319504261017,6.442227840423584
2,10,0.014604926109313965,5.445856094360352
2,11,0.01443301048129797,5.532451629638672
2,12,0.01839563250541687,5.34259033203125
2,13,0.017907410860061646,5.155256748199463
2,14,0.019198302179574966,5.154493808746338
2,15,0.013981947675347328,5.194465637207031
2,16,0.015166333876550198,5.333152770996094
2,17,0.016667556017637253,4.743577003479004
2,18,0.012521618977189064,4.6788010597229
2,19,0.016365259885787964,4.715399265289307
2,20,0.011868851259350777,5.282172203063965
2,21,0.01315317302942276,4.9846510887146
2,22,0.015090619213879108,4.279651165008545
2,23,0.015454556792974472,4.629443645477295
2,24,0.015408467501401901,4.140707969665527
2,25,0.015151454135775566,4.831140518188477
2,26,0.010734503157436848,4.424494743347168
2,27,0.01219855435192585,4.596354961395264
2,28,0.013201194815337658,4.532657623291016
2,29,0.013329504057765007,4.260903358459473
2,30,0.015472516417503357,4.129459381103516
2,31,0.015811435878276825,3.6663339138031006
2,32,0.013384342193603516,4.162772178649902
2,33,0.012944256886839867,4.466002464294434
2,34,0.013321949169039726,4.211215496063232
2,35,0.016493039205670357,4.150625705718994
2,36,0.011385735124349594,3.646552801132202
2,37,0.019547343254089355,4.529964923858643
2,38,0.04928111284971237,4.011264324188232
2,39,0.4196958839893341,3.7085702419281006
2,40,0.37914714217185974,3.977301836013794
2,41,0.3574064075946808,4.414817810058594
2,42,1.430541753768921,3.8925418853759766
2,43,1.4884881973266602,3.650268077850342
2,44,1.1679495573043823,4.776585578918457
2,45,0.8552812933921814,5.6134796142578125
2,46,1.437303066253662,5.834910869598389
2,47,0.3653259873390198,5.342730522155762
2,48,0.4611034095287323,5.4935150146484375
2,49,0.2473856806755066,4.757347106933594
2,50,0.28271493315696716,4.482228755950928
2,51,0.18683230876922607,4.5026116371154785
2,52,0.14976638555526733,4.179393768310547
2,53,0.1695522964000702,3.8040108680725098
2,54,0.11377401649951935,4.0422210693359375
2,55,0.1096419021487236,3.9591457843780518
2,56,0.08629472553730011,3.8567209243774414
2,57,0.09232883155345917,3.6389291286468506
2,58,0.06827152520418167,3.9756271839141846
2,59,0.0727698877453804,3.6529955863952637
2,60,0.06577467918395996,3.742154359817505
2,61,0.05811705067753792,4.48013973236084
2,62,0.053880445659160614,2.9779441356658936
3,0,0.04983118176460266,3.864562511444092
3,1,0.04988512024283409,3.4211769104003906
3,2,0.044480081647634506,3.1902823448181152
3,3,0.03854317218065262,3.4107704162597656
3,4,0.05622388422489166,2.905579090118408
3,5,0.04565701633691788,3.0831916332244873
3,6,0.038963258266448975,3.583130121231079
3,7,0.03268126770853996,3.209512710571289
3,8,0.030853502452373505,3.6526503562927246
3,9,0.02218932844698429,3.7315142154693604
3,10,0.02711617760360241,3.147616147994995
3,11,0.03504456952214241,2.536038398742676
3,12,0.02334349974989891,3.2168068885803223
3,13,0.032386619597673416,3.0056145191192627
3,14,0.03199422359466553,2.8621985912323
3,15,0.03178940713405609,2.9684813022613525
3,16,0.02066398411989212,2.9788951873779297
3,17,0.029612336307764053,2.9445080757141113
3,18,0.028154660016298294,3.1704554557800293
3,19,0.020102817565202713,3.4692025184631348
3,20,0.0257648266851902,2.972599983215332
3,21,0.02001594379544258,2.6679117679595947
3,22,0.02957325056195259,2.991640567779541
3,23,0.027837801724672318,2.6168527603149414
3,24,0.02148296684026718,2.7474546432495117
3,25,0.022224124521017075,2.379072904586792
3,26,0.02628718875348568,2.93495512008667
3,27,0.021085653454065323,3.0517165660858154
3,28,0.025489650666713715,2.829044818878174
3,29,0.01302044652402401,3.399669647216797
3,30,0.024356409907341003,2.638044834136963
3,31,0.023839371278882027,2.3568193912506104
3,32,0.02067812904715538,2.3659186363220215
3,33,0.020545553416013718,2.7619259357452393
3,34,0.015297602862119675,2.9072070121765137
3,35,0.023684483021497726,2.5883560180664062
3,36,0.014752058312296867,2.5771846771240234
3,37,0.020692288875579834,2.4980392456054688
3,38,0.015089579857885838,2.7117230892181396
3,39,0.023640602827072144,2.3466086387634277
3,40,0.022382304072380066,2.38828182220459
3,41,0.0194174125790596,2.5143983364105225
3,42,0.015607048757374287,2.3599538803100586
3,43,0.020226486027240753,2.8453433513641357
3,44,0.014004440978169441,2.494779586791992
3,45,0.0168616883456707,2.3205513954162598
3,46,0.021096233278512955,2.350828170776367
3,47,0.012816217727959156,2.759253740310669
3,48,0.018577326089143753,2.21685528755188
3,49,0.015500174835324287,2.9548020362854004
3,50,0.017847931012511253,2.3095970153808594
3,51,0.018586676567792892,2.82423996925354
3,52,0.01678084023296833,2.447136878967285
3,53,0.019374944269657135,1.820469617843628
3,54,0.011966368183493614,2.1094486713409424
3,55,0.016261743381619453,2.4044508934020996
3,56,0.012351393699645996,2.2936534881591797
3,57,0.017301298677921295,2.218372344970703
3,58,0.011770679615437984,2.409324884414673
3,59,0.019113758578896523,2.045167922973633
3,60,0.014234518632292747,1.8891308307647705
3,61,0.020515818148851395,2.039776086807251
3,62,0.011319003067910671,2.5351271629333496
4,0,0.01383652351796627,2.534842014312744
4,1,0.012757532298564911,2.083021879196167
4,2,0.021953782066702843,1.9414961338043213
4,3,0.015884920954704285,2.4607181549072266
4,4,0.016831276938319206,2.1495249271392822
4,5,0.014310351572930813,2.228073835372925
4,6,0.030561361461877823,1.8642339706420898
4,7,0.03050306811928749,1.8465282917022705
4,8,0.18808595836162567,1.6955046653747559
4,9,0.5903608202934265,1.988289713859558
4,10,0.6024520993232727,2.074375867843628
4,11,0.4850199818611145,1.9942973852157593
4,12,0.3079931139945984,1.5529131889343262
4,13,0.2327861189842224,1.7525520324707031
4,14,0.12244115024805069,1.864829421043396
4,15,0.09618533402681351,1.9499276876449585
4,16,0.07807302474975586,1.8160053491592407
4,17,0.07008156180381775,1.8222017288208008
4,18,0.05602579563856125,2.1536078453063965
4,19,0.033858612179756165,2.216465950012207
4,20,0.05076047405600548,1.5782667398452759
4,21,0.043273307383060455,1.6837234497070312
4,22,0.04060027748346329,2.11418080329895
4,23,0.029676424339413643,1.8412834405899048
4,24,0.03030875325202942,1.872617244720459
4,25,0.025286387652158737,1.9193408489227295
4,26,0.02880893461406231,1.8473130464553833
4,27,0.026439718902111053,1.7564135789871216
4,28,0.02831876277923584,1.9591783285140991
4,29,0.023692697286605835,1.5251810550689697
4,30,0.02626718580722809,1.8716139793395996
4,31,0.02062595635652542,2.263939619064331
4,32,0.027114415541291237,1.373992919921875
4,33,0.025941403582692146,1.783434271812439
4,34,0.021159593015909195,1.93484628200531
4,35,0.022034453228116035,1.7270866632461548
4,36,0.022871388122439384,1.9158307313919067
4,37,0.023412290960550308,1.7401418685913086
4,38,0.025418803095817566,1.8042089939117432
4,39,0.022992020472884178,1.551511526107788
4,40,0.019568171352148056,1.5669779777526855
4,41,0.017799708992242813,1.7386659383773804
4,42,0.023981936275959015,1.67423677444458
4,43,0.023292385041713715,1.8116981983184814
4,44,0.022030163556337357,1.9959580898284912
4,45,0.022698991000652313,1.7230174541473389
4,46,0.020187772810459137,1.7057862281799316
4,47,0.016349125653505325,1.4845352172851562
4,48,0.02147536352276802,1.6509220600128174
4,49,0.01398315280675888,2.697503089904785
4,50,0.012120215222239494,2.3450212478637695
4,51,0.014179214835166931,2.0808358192443848
4,52,0.013062819838523865,2.2343266010284424
4,53,0.014413120225071907,2.607907772064209
4,54,0.012008514255285263,1.9835329055786133
4,55,0.010342882946133614,1.8937934637069702
4,56,0.014911445789039135,1.58073091506958
4,57,0.010284114629030228,2.3357179164886475
4,58,0.029148487374186516,2.016435146331787
4,59,0.02130124159157276,1.8628355264663696
4,60,0.023026078939437866,1.7347139120101929
4,61,0.019265884533524513,1.8019908666610718
4,62,0.014241575263440609,1.881716012954712
5,0,0.014466460794210434,1.5236492156982422
5,1,0.016688454896211624,1.3793562650680542
5,2,0.022295162081718445,1.32979154586792
5,3,0.016984334215521812,1.5977765321731567
5,4,0.009208062663674355,1.9033071994781494
5,5,0.015804540365934372,1.9130619764328003
5,6,0.013994220644235611,1.6923846006393433
5,7,0.014131669886410236,1.3620588779449463
5,8,0.010788865387439728,1.785571575164795
5,9,0.011059127748012543,2.0672407150268555
5,10,0.010097747668623924,1.591882586479187
5,11,0.010205993428826332,1.8768736124038696
5,12,0.008424857631325722,1.6872458457946777
5,13,0.011244133114814758,1.382699966430664
5,14,0.008670876733958721,1.9343674182891846
5,15,0.008952965959906578,1.8331701755523682
5,16,0.016416795551776886,1.2332463264465332
5,17,0.012097853235900402,1.532702922821045
5,18,0.011506509967148304,1.8500897884368896
5,19,0.010598637163639069,1.6579904556274414
5,20,0.007153298240154982,2.083294153213501
5,21,0.010780610144138336,1.8601738214492798
5,22,0.005435039289295673,2.0273373126983643
5,23,0.008307790383696556,1.6549345254898071
5,24,0.009283837862312794,1.4671661853790283
5,25,0.0092998668551445,1.5433021783828735
5,26,0.009357815608382225,1.671088457107544
5,27,0.008544327691197395,1.7855689525604248
5,28,0.0074577732011675835,1.561787486076355
5,29,0.021474793553352356,1.5188878774642944
5,30,0.014941689558327198,1.4358466863632202
5,31,0.028008708730340004,1.678276777267456
5,32,0.018861565738916397,1.9875746965408325
5,33,0.019853301346302032,1.8459219932556152
5,34,0.014261575415730476,2.1103675365448
5,35,0.024443011730909348,1.8818081617355347
5,36,0.009922952391207218,1.8584825992584229
5,37,0.0097455233335495,1.9715732336044312
5,38,0.010813572444021702,1.895131230354309
5,39,0.01237733568996191,1.5235406160354614
5,40,0.006745708175003529,2.1370248794555664
5,41,0.008590834215283394,1.907798409461975
5,42,0.00909958966076374,1.8180327415466309
5,43,0.006217421032488346,1.9696316719055176
5,44,0.011721938848495483,1.8323161602020264
5,45,0.007184724323451519,2.0266034603118896
5,46,0.008383531123399734,1.4217634201049805
5,47,0.012806322425603867,1.6043936014175415
5,48,0.005509588867425919,1.8447688817977905
5,49,0.008438634686172009,1.5168650150299072
5,50,0.007663654163479805,1.427655577659607
5,51,0.010926911607384682,1.3522120714187622
5,52,0.007410324178636074,1.3044966459274292
5,53,0.011188036762177944,1.571337103843689
5,54,0.00873515009880066,1.432002305984497
5,55,0.012990760616958141,1.5372940301895142
5,56,0.007033006753772497,1.5777595043182373
5,57,0.008610686287283897,1.6278636455535889
5,58,0.008354521356523037,1.4172461032867432
5,59,0.009672819636762142,1.3859847784042358
5,60,0.010411379858851433,1.211409091949463
5,61,0.00970127061009407,1.6599435806274414
5,62,0.007411515340209007,1.5552579164505005
6,0,0.008163569495081902,1.4575448036193848
6,1,0.011447945609688759,1.9612587690353394
6,2,0.009427351877093315,1.4848768711090088
6,3,0.007590665481984615,1.3804503679275513
6,4,0.007718033157289028,1.6329087018966675
6,5,0.007217732258141041,1.5141427516937256
6,6,0.00771947018802166,1.3444726467132568
6,7,0.0048943180590868,1.8457953929901123
6,8,0.007338047027587891,1.6778204441070557
6,9,0.00588652677834034,1.3454855680465698
6,10,0.007637061644345522,1.7481005191802979
6,11,0.004757321439683437,1.775885820388794
6,12,0.007924920879304409,1.5581680536270142
6,13,0.009531425312161446,1.2118415832519531
6,14,0.005727600771933794,1.5152829885482788
6,15,0.008263545110821724,1.6358107328414917
6,16,0.007850373163819313,1.2824225425720215
6,17,0.009052649140357971,1.4492443799972534
6,18,0.010116471908986568,1.4212417602539062
6,19,0.008267966099083424,1.657132625579834
6,20,0.008344308473169804,1.4877485036849976
6,21,0.008544344455003738,1.499963402748108
6,22,0.005735962651669979,1.687373399734497
6,23,0.007814023643732071,1.4200271368026733
6,24,0.007357452996075153,1.449779987335205
6,25,0.007782380562275648,1.6553916931152344
6,26,0.005022710654884577,1.517423152923584
6,27,0.00797564908862114,1.2572424411773682
6,28,0.008703255094587803,1.0718746185302734
6,29,0.008779877796769142,1.420644760131836
6,30,0.005913302302360535,1.6544020175933838
6,31,0.00729393120855093,1.4357227087020874
6,32,0.008030885830521584,1.5123449563980103
6,33,0.006563673261553049,1.4891111850738525
6,34,0.015294351615011692,1.8090853691101074
6,35,0.014479102566838264,1.6420588493347168
6,36,0.013533072546124458,1.3359061479568481
6,37,0.009239270351827145,1.2233861684799194
6,38,0.0138783510774374,1.4368979930877686
6,39,0.005559426732361317,1.7718815803527832
6,40,0.007768141105771065,1.708789587020874
6,41,0.0046515511348843575,1.5773906707763672
6,42,0.0056251464411616325,1.4446169137954712
6,43,0.006253082770854235,1.3469228744506836
6,44,0.004901473876088858,1.3866678476333618
6,45,0.009263439103960991,1.2707335948944092
6,46,0.005155547056347132,1.322322130203247
6,47,0.008348988369107246,1.3593933582305908
6,48,0.00498533621430397,1.6354056596755981
6,49,0.007011063396930695,1.4822975397109985
6,50,0.0049447305500507355,1.6348353624343872
6,51,0.004953811410814524,1.5819717645645142
6,52,0.013187993317842484,1.1629626750946045
6,53,0.007964089512825012,1.5069130659103394
6,54,0.015372931025922298,1.5258638858795166
6,55,0.029005123302340508,1.1971049308776855
6,56,0.194574773311615,1.5974738597869873
6,57,2.0006930828094482,1.0791789293289185
6,58,1.1687346696853638,1.1265528202056885
6,59,0.538895845413208,1.235166311264038
6,60,0.364790678024292,1.116532802581787
6,61,0.34619995951652527,0.9518662095069885
6,62,0.20218294858932495,1.0454182624816895
7,0,0.2084236741065979,1.202009677886963
7,1,0.15332047641277313,1.4536316394805908
7,2,0.1348000466823578,1.2777972221374512
7,3,0.09325677156448364,1.3374396562576294
7,4,0.08811715990304947,1.3135806322097778
7,5,0.08305038511753082,1.118277668952942
7,6,0.07498794794082642,1.2805432081222534
7,7,0.0518883541226387,1.3811297416687012
7,8,0.05587771534919739,1.1285972595214844
7,9,0.05697523429989815,1.2418874502182007
7,10,0.06767548620700836,1.2596992254257202
7,11,0.05377209931612015,1.4116541147232056
7,12,0.05523119866847992,1.1162623167037964
7,13,0.056167565286159515,1.100691318511963
7,14,0.05846270173788071,1.1034353971481323
7,15,0.05364105477929115,1.505704641342163
7,16,0.06898589432239532,1.0773919820785522
7,17,0.07707324624061584,1.1694517135620117
7,18,0.07228515297174454,1.1664222478866577
7,19,0.04700557142496109,1.610615611076355
7,20,0.06741458177566528,1.1563546657562256
7,21,0.05384876951575279,1.085428237915039
7,22,0.033353667706251144,1.304808259010315
7,23,0.03444146364927292,1.1628373861312866
7,24,0.03114783763885498,1.4749575853347778
7,25,0.03476801514625549,1.3159074783325195
7,26,0.030702386051416397,1.2972078323364258
7,27,0.028589114546775818,1.5503267049789429
7,28,0.04313545301556587,1.3550413846969604
7,29,0.030324144288897514,1.2711682319641113
7,30,0.02532891556620598,1.3465790748596191
7,31,0.03234154358506203,1.120356559753418
7,32,0.052693922072649,1.178759217262268
7,33,0.026776039972901344,1.3632489442825317
7,34,0.023313574492931366,1.7455748319625854
7,35,0.034646712243556976,1.3036186695098877
7,36,0.03291874751448631,1.2943940162658691
7,37,0.024936482310295105,1.4205737113952637
7,38,0.024477295577526093,1.4034842252731323
7,39,0.023494649678468704,1.2454173564910889
7,40,0.03444037213921547,1.4259836673736572
7,41,0.024827565997838974,1.2726396322250366
7,42,0.029096417129039764,1.0765327215194702
7,43,0.025744831189513206,1.066474437713623
7,44,0.03174864500761032,1.1607084274291992
7,45,0.02395515888929367,1.370428442955017
7,46,0.024280257523059845,1.0737855434417725
7,47,0.02060825750231743,1.0005886554718018
7,48,0.022527316585183144,1.261440396308899
7,49,0.020167231559753418,1.1377307176589966
7,50,0.019915178418159485,1.166338324546814
7,51,0.02201813831925392,1.2647403478622437
7,52,0.02131539024412632,1.3357867002487183
7,53,0.024290665984153748,1.1186143159866333
7,54,0.016908032819628716,1.3391519784927368
7,55,0.020204752683639526,1.1652355194091797
7,56,0.01846480928361416,1.3718173503875732
7,57,0.013051735237240791,1.2864166498184204
7,58,0.015336418524384499,1.5567127466201782
7,59,0.021588049829006195,1.3512927293777466
7,60,0.014939464628696442,1.326429843902588
7,61,0.015816815197467804,1.1950676441192627
7,62,0.015491445548832417,1.046708345413208
8,0,0.023421721532940865,1.1322373151779175
8,1,0.016209963709115982,1.3142671585083008
8,2,0.015577533282339573,1.4685041904449463
8,3,0.021590761840343475,1.336753487586975
8,4,0.014688223600387573,1.4208855628967285
8,5,0.014551757834851742,1.1642581224441528
8,6,0.024217935279011726,1.3828626871109009
8,7,0.7275784015655518,7.023321628570557
8,8,0.25237441062927246,7.941547870635986
8,9,0.35260123014450073,5.415891170501709
8,10,0.23700642585754395,4.323498725891113
8,11,0.08505091071128845,5.726690769195557
8,12,0.08901189267635345,6.65424919128418
8,13,0.0633239597082138,4.913707256317139
8,14,0.07505861669778824,4.462344646453857
8,15,0.060505371540784836,3.587665557861328
8,16,0.05738768354058266,2.9677836894989014
8,17,0.05095236003398895,3.4431211948394775
8,18,0.028771627694368362,2.7264585494995117
8,19,0.025203952565789223,2.6082944869995117
8,20,0.03381950408220291,2.4559855461120605
8,21,0.0285295732319355,2.6064791679382324
8,22,0.02322838082909584,2.4363770484924316
8,23,0.02207113243639469,2.1840624809265137
8,24,0.022971628233790398,2.377246379852295
8,25,0.02144230529665947,1.9386162757873535
8,26,0.02150871977210045,2.001343011856079
8,27,0.023061692714691162,2.0728068351745605
8,28,0.021074242889881134,1.8257405757904053
8,29,0.017847266048192978,1.612491250038147
8,30,0.01983644813299179,1.6875392198562622
8,31,0.019043104723095894,1.8619760274887085
8,32,0.019631536677479744,1.9544868469238281
8,33,0.01804681494832039,1.6551587581634521
8,34,0.014806986786425114,2.302639961242676
8,35,0.014902085065841675,2.1400721073150635
8,36,0.017540477216243744,2.191284656524658
8,37,0.018246110528707504,1.68083918094635
8,38,0.016326962038874626,1.6149195432662964
8,39,0.015638865530490875,1.7189724445343018
8,40,0.014284361153841019,1.6690547466278076
8,41,0.013780196197330952,1.7297496795654297
8,42,0.016080286353826523,1.506935477256775
8,43,0.014994476921856403,1.6037356853485107
8,44,0.012052997015416622,1.6500390768051147
8,45,0.014350679703056812,1.4801998138427734
8,46,0.014085685834288597,1.599117398262024
8,47,0.011068102903664112,1.7863001823425293
8,48,0.011449236422777176,1.7625277042388916
8,49,0.012923875823616982,1.4666409492492676
8,50,0.011968284845352173,1.6752744913101196
8,51,0.01176378596574068,1.5376096963882446
8,52,0.014412106946110725,1.4341559410095215
8,53,0.013780555687844753,1.6234230995178223
8,54,0.009894086048007011,1.5022233724594116
8,55,0.012327553704380989,1.6132533550262451
8,56,0.011637549847364426,1.5505523681640625
8,57,0.014817694202065468,1.3524024486541748
8,58,0.013337818905711174,1.4822856187820435
8,59,0.01032349281013012,1.5274817943572998
8,60,0.012802917510271072,1.2650724649429321
8,61,0.0135415093973279,1.2901448011398315
8,62,0.008348005823791027,2.0917718410491943
9,0,0.011945804581046104,1.4421380758285522
9,1,0.010126778855919838,1.6996850967407227
9,2,0.00840894877910614,1.6595019102096558
9,3,0.015637172386050224,1.495498538017273
9,4,0.01436605118215084,1.3739430904388428
9,5,0.008975568227469921,1.862972617149353
9,6,0.009990638121962547,1.279037594795227
9,7,0.01055905967950821,1.7481627464294434
9,8,0.01063089445233345,1.3505792617797852
9,9,0.013133120723068714,1.2044357061386108
9,10,0.010090064257383347,1.517104148864746
9,11,0.0069655766710639,1.7704099416732788
9,12,0.01020815409719944,1.362665057182312
9,13,0.014005142264068127,1.5434026718139648
9,14,0.008030576631426811,1.5690479278564453
9,15,0.010497378185391426,1.518075704574585
9,16,0.010534660890698433,1.632960319519043
9,17,0.009023084305226803,1.2858166694641113
9,18,0.010958701372146606,1.4869790077209473
9,19,0.010454973205924034,1.3991550207138062
9,20,0.01163372490555048,1.3938615322113037
9,21,0.008237890899181366,1.3779736757278442
9,22,0.009471339173614979,1.323113203048706
9,23,0.008959602564573288,1.4009780883789062
9,24,0.007594946771860123,1.8568284511566162
9,25,0.008688176982104778,1.4067140817642212
9,26,0.008944017812609673,1.471341848373413
9,27,0.010296635329723358,1.1501660346984863
9,28,0.009216204285621643,1.381203055381775
9,29,0.009663276374340057,1.3964289426803589
9,30,0.010610966943204403,1.3701518774032593
9,31,0.008410725742578506,1.5160863399505615
9,32,0.008337765000760555,1.4275113344192505
9,33,0.01002073660492897,1.4127211570739746
9,34,0.009067622944712639,1.3038803339004517
9,35,0.008329002186655998,1.5696669816970825
9,36,0.007315567694604397,1.5418671369552612
9,37,0.00954442285001278,1.283342957496643
9,38,0.010050725191831589,1.3115789890289307
9,39,0.011039050295948982,1.4611183404922485
9,40,0.007025908678770065,1.3757911920547485
9,41,0.013297732919454575,1.2250335216522217
9,42,0.01084392610937357,1.0564630031585693
9,43,0.00944981724023819,1.4401278495788574
9,44,0.00715426541864872,1.2593867778778076
9,45,0.008350962772965431,1.5723826885223389
9,46,0.005676964297890663,1.340889811515808
9,47,0.007084507495164871,1.3260666131973267
9,48,0.008190362714231014,1.3458197116851807
9,49,0.0073800720274448395,1.4066662788391113
9,50,0.006583563983440399,1.323865294456482
9,51,0.007377253845334053,1.3405917882919312
9,52,0.008089815266430378,1.3979548215866089
9,53,0.008932188153266907,1.3371862173080444
9,54,0.00779421441257,1.3910140991210938
9,55,0.008652498945593834,1.3612502813339233
9,56,0.008595872670412064,1.280192494392395
9,57,0.008164952509105206,1.250699520111084
9,58,0.007502877153456211,1.2615596055984497
9,59,0.007529123220592737,1.4425568580627441
9,60,0.006128204986453056,1.3685983419418335
9,61,0.007567119784653187,1.3942418098449707
9,62,0.007114156149327755,1.0884815454483032
10,0,0.00839763879776001,1.1808866262435913
10,1,0.009576610289514065,1.2758071422576904
10,2,0.008889943361282349,1.305691123008728
10,3,0.012394932098686695,1.240394115447998
10,4,0.013086313381791115,1.7648677825927734
10,5,0.004769222345203161,1.9600930213928223
10,6,0.004344875458627939,2.117433786392212
10,7,0.005928585771471262,1.7825857400894165
10,8,0.006126323714852333,2.072652578353882
10,9,0.0050135646015405655,2.349839925765991
10,10,0.006696010008454323,1.941754698753357
10,11,0.006773070897907019,1.735842227935791
10,12,0.004332776181399822,2.0137481689453125
10,13,0.005970451980829239,1.5267376899719238
10,14,0.007398981600999832,1.731447696685791
10,15,0.0052075572311878204,1.8124115467071533
10,16,0.004382407292723656,1.4782953262329102
10,17,0.006944540422409773,1.7271040678024292
10,18,0.004432059824466705,1.7782398462295532
10,19,0.003923921845853329,1.4788970947265625
10,20,0.005417677108198404,1.5191130638122559
10,21,0.0042914170771837234,1.4560025930404663
10,22,0.004620241932570934,1.3776555061340332
10,23,0.006494814995676279,1.5697107315063477
10,24,0.0048291911371052265,1.4684715270996094
10,25,0.005944308824837208,1.2067277431488037
10,26,0.005908279679715633,1.966802954673767
10,27,0.00399463064968586,2.111189842224121
10,28,0.004249652847647667,1.7492042779922485
10,29,0.007776064798235893,1.906863808631897
10,30,0.0072618164122104645,1.683652400970459
10,31,0.0036688612308353186,1.356191635131836
10,32,0.006283283233642578,1.681755542755127
10,33,0.005196354817599058,1.6566444635391235
10,34,0.005321617238223553,1.3101226091384888
10,35,0.0062543125823140144,1.5798544883728027
10,36,0.003825996071100235,1.3760130405426025
10,37,0.006322220899164677,1.5689828395843506
10,38,0.004085813648998737,1.5068836212158203
10,39,0.0036281971260905266,1.3799879550933838
10,40,0.004191399551928043,1.4304323196411133
10,41,0.004829050973057747,1.2895256280899048
10,42,0.004035740625113249,1.4087133407592773
10,43,0.005630310159176588,1.309016227722168
10,44,0.006466849707067013,1.2989439964294434
10,45,0.0037970435805618763,1.4185535907745361
10,46,0.003760394174605608,1.2838194370269775
10,47,0.005367638077586889,1.4046518802642822
10,48,0.004184707999229431,1.3856507539749146
10,49,0.003975416999310255,1.4537380933761597
10,50,0.0049726106226444244,1.4632725715637207
10,51,0.005378244444727898,1.3398327827453613
10,52,0.004120612516999245,1.353891372680664
10,53,0.005041697062551975,1.3652589321136475
10,54,0.007127983029931784,1.1868438720703125
10,55,0.004189356230199337,1.5678298473358154
10,56,0.005471713840961456,1.3265169858932495
10,57,0.006888287141919136,1.2747046947479248
10,58,0.005386699456721544,1.1685956716537476
10,59,0.006177227944135666,1.4150810241699219
10,60,0.004896997939795256,1.3617976903915405
10,61,0.004704738035798073,1.3755658864974976
10,62,0.004587468225508928,1.705194115638733
